<lsf>
    <initials>
        <reference length="2" />
        <!-- axis length; "0" means no axis displayed -->
        <root id="demoRoot" />
        <!--
     identifier of root node of the scene graph; this node 
    -->
        <!--
     must be defined in one of the following NODE declarations 
    -->
    </initials>
    <views default="defaultCamera">
        <!--
     at least one of the following type of cameras must be declared 
    -->
        <perspective id="defaultCamera" near="0.1" far="500" angle="45">
            <from x="30" y="15" z="30" />
            <to x="0" y="-2" z="0" />
        </perspective>
        <ortho id="demoOrtho" near="0.2" far="100" left="-0.2" right="0.2" top="0.2" bottom="-0.2">
            <from x="5" y="0" z="10" />
            <to x="5" y="0" z="0" />
            <up x="0" y="1" z="0" />
            <!-- optional, default 0,1,0 -->
        </ortho>
    </views>
    <illumination>
        <ambient r="0.2" g="0.2" b="0.2" a="1.0" />
        <!-- global ambient -->
        <background r="0.1" g="0.7" b="1.0" a="1.0" />
        <!-- background color -->
    </illumination>
    <lights>
        <!--
     NOTE: this block "light" must be repeated as necessary with different "id". At least one light should be present, and a maximum of eight lights is accepted. 
    -->
        <light id="demoLight">
            <!-- light identifier -->
            <enable value="1" />
            <!-- enable/disable -->
            <position x="10" y="12" z="9.5" w="1.0" />
            <!--
     light position; w=1: point light; w=0: directional light 
    -->
            <ambient r="0" g="0" b="0" a="1.0" />
            <!-- ambient component -->
            <diffuse r="1.0" g="1.0" b="1.0" a="1.0" />
            <!-- diffuse component -->
            <specular r="1.0" g="1.0" b="1.0" a="1.0" />
            <!-- specular component -->
        </light>
    </lights>
    <textures>
        <!--
     NOTE: this block "TEXTURE" must be repeated as necessary with different "id" 
    -->
        <texture id="demoTexture" path="./images/vidral.jpg" />
    </textures>
    <materials>
        <!--
     NOTE: the "MATERIAL" block may be repeated as required. Each defined material
             requires a distinct "id". At least one material should be present. 
    -->
        <material id="demoMaterial">
            <shininess value="1" />
            <ambient r="1.0" g="0.0" b="0.0" a="1.0" />
            <diffuse r="0.6" g="0.0" b="0.0" a="1.0" />
            <specular r="0.6" g="0.0" b="0.0" a="1.0" />
            <emissive r="0.0" g="0.0" b="0.0" a="1.0" />
        </material>
    </materials>
    <nodes>
        <node id="demoRoot">
            <!--
     defines one intermediate node; may be repeated as necessary 
    -->
            <!-- next two lines are mandatory -->
            <material id="demoMaterial" />
            <!--
     this superimposes the material received from parent node id="null" maintains material from parent node 
    -->
            <texture id="demoTexture">
                <!--
     declared texture superimposes the texture received from parent node id="null" maintains texture from parent node id="clear" clears texture declaration received from parent node 
    -->
                <amplification afs="2.0" aft="2.0" />
                <!-- for primitives = dx/afs, dy/aft -->
            </texture>
            <!--
     geom. transf. are optional and may be repeated, in any order, as necessary: 
    -->
            <transformations>
                <translation x="0" y="1.0" z="1.0" />
                <rotation axis="y" angle="45" />
                <scale sx="2" sy="1" sz="1" />
            </transformations>
            <!--
     declaring descendants, at least one node or one leaf must be present
                 descendants may be mixed, nodes and leafs 
    -->
            <descendants>
                <noderef id="demoChild" />
                <!-- "ss" is the identifier of a node or of leaf; -->
                <!-- may be repeated as necessary. It can refer an -->
                <!--
     identifier of another node, before or later defined in the file. 
    -->
                <!--
     next lines define nodes of type leaf; may be repeated, in any order, as necessary 
    -->
                <leaf type="rectangle" x1="0" y1="1" x2="1" y2="0" />
                <!--
     2D coordinates on the XY plane for left-top and right-bottom vertices. 
    -->
            </descendants>
        </node>
        <node id="demoChild">
            <!--
     defines one intermediate node; may be repeated as necessary 
    -->
            <!-- next two lines are mandatory -->
            <material id="null" />
            <!--
     this superimposes the material received from parent node id="null" maintains material from parent node 
    -->
            <texture id="clear">
                <!--
     declared texture superimposes the texture received from parent node id="null" maintains texture from parent node id="clear" clears texture declaration received from parent node 
    -->
                <amplification afs="2.0" aft="2.0" />
                <!-- for primitives = dx/afs, dy/aft -->
            </texture>
            <!--
     geom. transf. are optional and may be repeated, in any order, as necessary: 
    -->
            <transformations>
                <translation x="2" y="0.0" z="2.0" />
            </transformations>
            <!--
     declaring descendants, at least one node or one leaf must be present
                 descendants may be mixed, nodes and leafs 
    -->
            <descendants>
                <leaf type="triangle" x1="0" y1="0" x2="1" y2="0" x3="0" y3="1" />
                <!-- x y z coordinates of each vertex -->
            </descendants>
        </node>
    </nodes>
</lsf>